{
  "timestamp": "2025-11-17T01:14:42.673264",
  "baseline_scores": {
    "faithfulness": 0.5338461538461539,
    "adaptability": 0.7621340811965813,
    "interpretability": 0.4094752226720647,
    "safety": 0.6103076923076923
  },
  "evaluation_details": {
    "total_queries": 13,
    "evaluation_time": 87.47472310066223,
    "score_distributions": {
      "faithfulness": [
        0.5499999999999999,
        0.49000000000000005,
        0.58,
        0.5499999999999999,
        0.54,
        0.52,
        0.52,
        0.49000000000000005,
        0.54,
        0.6100000000000001,
        0.5,
        0.6,
        0.45
      ],
      "adaptability": [
        0.8200000000000001,
        0.81,
        0.8250000000000002,
        0.7971875000000002,
        0.7925000000000001,
        0.7237500000000001,
        0.6925000000000001,
        0.6975000000000001,
        0.7675000000000001,
        0.7780555555555556,
        0.8312500000000002,
        0.6237500000000001,
        0.7487500000000001
      ],
      "interpretability": [
        0.3931368421052631,
        0.3614736842105263,
        0.40471578947368425,
        0.2904,
        0.2910315789473684,
        0.35230000000000006,
        0.368,
        0.4536,
        0.4232,
        0.542,
        0.44408000000000003,
        0.5251600000000001,
        0.47408000000000006
      ],
      "safety": [
        0.6659999999999999,
        0.582,
        0.582,
        0.6659999999999999,
        0.486,
        0.5920000000000001,
        0.5920000000000001,
        0.5920000000000001,
        0.5920000000000001,
        0.5920000000000001,
        0.646,
        0.646,
        0.7
      ]
    }
  }
}