{
  "timestamp": "2025-12-18T05:10:10.828135",
  "baseline_scores": {
    "faithfulness": 0.543076923076923,
    "adaptability": 0.7595405982905983,
    "interpretability": 0.4258681360160308,
    "safety": 0.6081538461538462
  },
  "evaluation_details": {
    "total_queries": 13,
    "evaluation_time": 91.49680614471436,
    "score_distributions": {
      "faithfulness": [
        0.6499999999999999,
        0.49000000000000005,
        0.56,
        0.6,
        0.56,
        0.52,
        0.45,
        0.45,
        0.52,
        0.56,
        0.6,
        0.6,
        0.5
      ],
      "adaptability": [
        0.8050000000000002,
        0.7850000000000001,
        0.8050000000000002,
        0.8050000000000002,
        0.8050000000000002,
        0.7600000000000001,
        0.6975000000000001,
        0.6516666666666667,
        0.7911111111111112,
        0.7850000000000001,
        0.8112500000000001,
        0.6237500000000001,
        0.7487500000000001
      ],
      "interpretability": [
        0.4941894736842105,
        0.3526315789473684,
        0.38705050505050514,
        0.33903157894736846,
        0.3074526315789474,
        0.40735000000000005,
        0.40280000000000005,
        0.38280000000000003,
        0.5328,
        0.43910000000000005,
        0.5161600000000001,
        0.54016,
        0.4347600000000001
      ],
      "safety": [
        0.6659999999999999,
        0.582,
        0.582,
        0.69,
        0.486,
        0.5920000000000001,
        0.5920000000000001,
        0.5920000000000001,
        0.5920000000000001,
        0.5920000000000001,
        0.646,
        0.646,
        0.6480000000000001
      ]
    }
  }
}