{
  "timestamp": "2025-11-16T22:38:38.905066",
  "baseline_scores": {
    "faithfulness": 0.5415384615384616,
    "adaptability": 0.7628228021978022,
    "interpretability": 0.4031452631578948,
    "safety": 0.5904615384615386
  },
  "evaluation_details": {
    "total_queries": 13,
    "evaluation_time": 210.52199172973633,
    "score_distributions": {
      "faithfulness": [
        0.5499999999999999,
        0.56,
        0.58,
        0.6,
        0.51,
        0.6100000000000001,
        0.54,
        0.52,
        0.5,
        0.5700000000000001,
        0.5,
        0.5,
        0.5
      ],
      "adaptability": [
        0.8050000000000002,
        0.7725000000000001,
        0.8050000000000002,
        0.8050000000000002,
        0.81,
        0.8300000000000001,
        0.7050000000000001,
        0.669375,
        0.7960714285714287,
        0.7850000000000001,
        0.8112500000000001,
        0.6237500000000001,
        0.6987500000000001
      ],
      "interpretability": [
        0.3834526315789474,
        0.3507368421052632,
        0.44261052631578945,
        0.3794526315789474,
        0.26471578947368424,
        0.43300000000000005,
        0.368,
        0.41700000000000004,
        0.44000000000000006,
        0.45400000000000007,
        0.4320800000000001,
        0.4500800000000001,
        0.4257600000000001
      ],
      "safety": [
        0.69,
        0.582,
        0.582,
        0.69,
        0.486,
        0.424,
        0.5920000000000001,
        0.5920000000000001,
        0.5920000000000001,
        0.5920000000000001,
        0.562,
        0.646,
        0.646
      ]
    }
  }
}