{
  "timestamp": "2025-12-03T18:00:59.105798",
  "baseline_scores": {
    "faithfulness": 0.5484615384615383,
    "adaptability": 0.7652403846153847,
    "interpretability": 0.4096347368421054,
    "safety": 0.6121538461538463
  },
  "evaluation_details": {
    "total_queries": 13,
    "evaluation_time": 91.82601714134216,
    "score_distributions": {
      "faithfulness": [
        0.5499999999999999,
        0.56,
        0.58,
        0.6,
        0.56,
        0.54,
        0.52,
        0.52,
        0.52,
        0.58,
        0.5,
        0.6,
        0.5
      ],
      "adaptability": [
        0.845,
        0.7850000000000001,
        0.8050000000000002,
        0.8050000000000002,
        0.8050000000000002,
        0.731875,
        0.7175000000000001,
        0.7675000000000001,
        0.7675000000000001,
        0.7850000000000001,
        0.8112500000000001,
        0.6237500000000001,
        0.6987500000000001
      ],
      "interpretability": [
        0.38724210526315783,
        0.37776842105263164,
        0.4442947368421052,
        0.3718736842105263,
        0.3074526315789474,
        0.35230000000000006,
        0.368,
        0.43785,
        0.45305000000000006,
        0.43910000000000005,
        0.46808000000000005,
        0.5404800000000001,
        0.37776000000000004
      ],
      "safety": [
        0.69,
        0.582,
        0.582,
        0.6659999999999999,
        0.486,
        0.5920000000000001,
        0.5920000000000001,
        0.5920000000000001,
        0.5920000000000001,
        0.5920000000000001,
        0.646,
        0.646,
        0.7
      ]
    }
  }
}