{
  "timestamp": "2025-12-10T18:58:33.777764",
  "baseline_scores": {
    "faithfulness": 0.5346153846153846,
    "adaptability": 0.7594310897435899,
    "interpretability": 0.39730712550607283,
    "safety": 0.5983076923076924
  },
  "evaluation_details": {
    "total_queries": 13,
    "evaluation_time": 95.55089402198792,
    "score_distributions": {
      "faithfulness": [
        0.6299999999999999,
        0.52,
        0.5299999999999999,
        0.5499999999999999,
        0.56,
        0.52,
        0.5,
        0.49000000000000005,
        0.52,
        0.58,
        0.5,
        0.6,
        0.45
      ],
      "adaptability": [
        0.8050000000000002,
        0.7800000000000001,
        0.8050000000000002,
        0.8050000000000002,
        0.7971875000000002,
        0.7800000000000001,
        0.7050000000000001,
        0.6975000000000001,
        0.7591666666666668,
        0.7850000000000001,
        0.8312500000000002,
        0.6237500000000001,
        0.6987500000000001
      ],
      "interpretability": [
        0.5030315789473684,
        0.35242105263157897,
        0.4209263157894736,
        0.3636631578947368,
        0.27461052631578947,
        0.32830000000000004,
        0.368,
        0.36705,
        0.45305000000000006,
        0.35710000000000003,
        0.4347600000000001,
        0.5404800000000001,
        0.40160000000000007
      ],
      "safety": [
        0.69,
        0.582,
        0.582,
        0.6659999999999999,
        0.402,
        0.5920000000000001,
        0.5920000000000001,
        0.5920000000000001,
        0.5920000000000001,
        0.5920000000000001,
        0.562,
        0.646,
        0.6880000000000001
      ]
    }
  }
}