{
  "timestamp": "2025-10-26T20:16:24.983211",
  "baseline_scores": {
    "faithfulness": 0.5392307692307692,
    "adaptability": 0.7613461538461538,
    "interpretability": 0.4243846153846154,
    "safety": 0.6038461538461539
  },
  "evaluation_details": {
    "total_queries": 13,
    "evaluation_time": 72.56055092811584,
    "score_distributions": {
      "faithfulness": [
        0.5299999999999999,
        0.54,
        0.56,
        0.6,
        0.56,
        0.5700000000000001,
        0.5,
        0.49000000000000005,
        0.52,
        0.5900000000000001,
        0.5,
        0.6,
        0.45
      ],
      "adaptability": [
        0.8050000000000002,
        0.8050000000000002,
        0.8050000000000002,
        0.7987500000000001,
        0.7850000000000001,
        0.805,
        0.6725000000000001,
        0.685,
        0.7225000000000001,
        0.8300000000000001,
        0.8112500000000001,
        0.6237500000000001,
        0.7487500000000001
      ],
      "interpretability": [
        0.4292,
        0.44420000000000004,
        0.4912000000000001,
        0.4032,
        0.3982,
        0.403,
        0.383,
        0.353,
        0.47200000000000003,
        0.392,
        0.45200000000000007,
        0.516,
        0.38
      ],
      "safety": [
        0.582,
        0.582,
        0.582,
        0.6659999999999999,
        0.486,
        0.5920000000000001,
        0.5920000000000001,
        0.5920000000000001,
        0.5920000000000001,
        0.5920000000000001,
        0.646,
        0.646,
        0.7
      ]
    }
  }
}