{
  "timestamp": "2025-11-16T20:13:11.588219",
  "baseline_scores": {
    "faithfulness": 0.5399999999999999,
    "adaptability": 0.7537019230769233,
    "interpretability": 0.4066872874493927,
    "safety": 0.6047692307692308
  },
  "evaluation_details": {
    "total_queries": 13,
    "evaluation_time": 89.00539016723633,
    "score_distributions": {
      "faithfulness": [
        0.6499999999999999,
        0.54,
        0.6,
        0.6,
        0.56,
        0.52,
        0.5,
        0.47000000000000003,
        0.52,
        0.56,
        0.5,
        0.5,
        0.5
      ],
      "adaptability": [
        0.8050000000000002,
        0.7800000000000001,
        0.8050000000000002,
        0.8050000000000002,
        0.8050000000000002,
        0.7600000000000001,
        0.6975000000000001,
        0.669375,
        0.7725000000000001,
        0.7850000000000001,
        0.7912500000000001,
        0.6237500000000001,
        0.6987500000000001
      ],
      "interpretability": [
        0.4731368421052632,
        0.3873684210526316,
        0.4135578947368421,
        0.33903157894736846,
        0.3344,
        0.37855000000000005,
        0.368,
        0.47785,
        0.4688000000000001,
        0.338,
        0.45648,
        0.43516000000000005,
        0.4166000000000001
      ],
      "safety": [
        0.6659999999999999,
        0.582,
        0.582,
        0.69,
        0.486,
        0.5920000000000001,
        0.5920000000000001,
        0.5920000000000001,
        0.5920000000000001,
        0.5920000000000001,
        0.6880000000000001,
        0.562,
        0.646
      ]
    }
  }
}