{
  "timestamp": "2025-12-03T12:59:23.343455",
  "baseline_scores": {
    "faithfulness": 0.5507692307692307,
    "adaptability": 0.7591826923076923,
    "interpretability": 0.4188396470780681,
    "safety": 0.6101538461538462
  },
  "evaluation_details": {
    "total_queries": 13,
    "evaluation_time": 88.27771592140198,
    "score_distributions": {
      "faithfulness": [
        0.5499999999999999,
        0.56,
        0.6100000000000001,
        0.6,
        0.56,
        0.63,
        0.5,
        0.52,
        0.52,
        0.6100000000000001,
        0.5,
        0.5,
        0.5
      ],
      "adaptability": [
        0.8200000000000001,
        0.7850000000000001,
        0.8050000000000002,
        0.8050000000000002,
        0.7997916666666668,
        0.81,
        0.6716666666666667,
        0.685,
        0.7391666666666667,
        0.7850000000000001,
        0.7912500000000001,
        0.6237500000000001,
        0.7487500000000001
      ],
      "interpretability": [
        0.38724210526315783,
        0.4847157894736842,
        0.4466464646464646,
        0.30618947368421057,
        0.2910315789473684,
        0.44420000000000004,
        0.368,
        0.40905,
        0.4688000000000001,
        0.47000000000000003,
        0.45048000000000005,
        0.45948000000000006,
        0.4590800000000001
      ],
      "safety": [
        0.69,
        0.582,
        0.582,
        0.638,
        0.486,
        0.5920000000000001,
        0.5920000000000001,
        0.5920000000000001,
        0.606,
        0.5920000000000001,
        0.646,
        0.646,
        0.6880000000000001
      ]
    }
  }
}