{
  "timestamp": "2025-12-15T16:52:51.958689",
  "baseline_scores": {
    "faithfulness": 0.5507692307692308,
    "adaptability": 0.7540537587412588,
    "interpretability": 0.40569439577965893,
    "safety": 0.6029230769230769
  },
  "evaluation_details": {
    "total_queries": 13,
    "evaluation_time": 95.3068470954895,
    "score_distributions": {
      "faithfulness": [
        0.5499999999999999,
        0.54,
        0.63,
        0.6,
        0.58,
        0.52,
        0.5,
        0.56,
        0.5,
        0.63,
        0.5,
        0.6,
        0.45
      ],
      "adaptability": [
        0.8200000000000001,
        0.7725000000000001,
        0.819318181818182,
        0.7993181818181819,
        0.7797916666666668,
        0.7725000000000001,
        0.6716666666666667,
        0.7346875000000002,
        0.7141666666666667,
        0.7850000000000001,
        0.8112500000000001,
        0.6237500000000001,
        0.6987500000000001
      ],
      "interpretability": [
        0.38724210526315783,
        0.3731368421052632,
        0.4150303030303031,
        0.29271578947368426,
        0.2952421052631579,
        0.4343,
        0.333,
        0.42100000000000004,
        0.4888,
        0.44700000000000006,
        0.42008000000000006,
        0.58848,
        0.37800000000000006
      ],
      "safety": [
        0.582,
        0.582,
        0.6659999999999999,
        0.6659999999999999,
        0.486,
        0.5920000000000001,
        0.5920000000000001,
        0.5920000000000001,
        0.5920000000000001,
        0.5920000000000001,
        0.562,
        0.646,
        0.6880000000000001
      ]
    }
  }
}