{
  "timestamp": "2025-10-26T16:11:46.152967",
  "baseline_scores": {
    "faithfulness": 0.46833333333333327,
    "adaptability": 0.7042361111111113,
    "interpretability": 0.31795,
    "safety": 0.6066666666666666
  },
  "evaluation_details": {
    "total_queries": 6,
    "evaluation_time": 28.24353575706482,
    "score_distributions": {
      "faithfulness": [
        0.5499999999999999,
        0.54,
        0.52,
        0.4,
        0.4,
        0.4
      ],
      "adaptability": [
        0.8050000000000002,
        0.7850000000000001,
        0.7141666666666667,
        0.6362500000000001,
        0.6612500000000001,
        0.6237500000000001
      ],
      "interpretability": [
        0.3942,
        0.47200000000000003,
        0.35800000000000004,
        0.2225,
        0.2305,
        0.2305
      ],
      "safety": [
        0.582,
        0.582,
        0.5920000000000001,
        0.5920000000000001,
        0.646,
        0.646
      ]
    }
  }
}