{
  "timestamp": "2025-10-26T17:31:30.923924",
  "baseline_scores": {
    "faithfulness": 0.5566666666666666,
    "adaptability": 0.7491666666666669,
    "interpretability": 0.430260350877193,
    "safety": 0.6066666666666666
  },
  "evaluation_details": {
    "total_queries": 6,
    "evaluation_time": 35.09280610084534,
    "score_distributions": {
      "faithfulness": [
        0.7,
        0.51,
        0.63,
        0.5,
        0.5,
        0.5
      ],
      "adaptability": [
        0.8050000000000002,
        0.7850000000000001,
        0.7975000000000001,
        0.6725000000000001,
        0.8112500000000001,
        0.6237500000000001
      ],
      "interpretability": [
        0.49566315789473686,
        0.371578947368421,
        0.42300000000000004,
        0.382,
        0.47416,
        0.43516000000000005
      ],
      "safety": [
        0.6659999999999999,
        0.582,
        0.5920000000000001,
        0.5920000000000001,
        0.562,
        0.646
      ]
    }
  }
}